vehicle_id,depart,arrival,duration,routeLength,waitingTime,waitingCount,timeLoss,speed
0,0.0,13.0,13.0,135.82,0.0,0,2.65,10.447692307692307
4,4.0,33.0,29.0,279.12,0.0,0,6.66,9.624827586206896
18,18.0,38.0,20.0,144.53,0.0,0,7.0,7.2265
19,20.0,44.0,24.0,278.7,0.0,0,5.54,11.612499999999999
6,6.0,45.0,39.0,383.87,0.0,0,9.92,9.842820512820513
8,8.0,45.0,37.0,454.81,0.0,0,11.08,12.292162162162162
16,16.0,45.0,29.0,264.78,0.0,0,4.98,9.130344827586207
10,10.0,51.0,41.0,388.54,0.0,0,13.17,9.476585365853659
14,14.0,52.0,38.0,449.72,0.0,0,3.72,11.834736842105263
31,31.0,52.0,21.0,178.53,1.0,1,11.63,8.501428571428571
38,38.0,57.0,19.0,228.6,0.0,0,4.27,12.031578947368422
15,15.0,61.0,46.0,750.98,0.0,0,7.63,16.325652173913046
41,41.0,61.0,20.0,214.98,0.0,0,2.72,10.748999999999999
5,5.0,63.0,58.0,604.29,0.0,0,4.48,10.418793103448275
27,28.0,65.0,37.0,356.31,0.0,0,7.71,9.63
35,35.0,65.0,30.0,241.04,0.0,0,9.93,8.034666666666666
40,40.0,69.0,29.0,586.44,0.0,0,6.6,20.222068965517245
34,34.0,70.0,36.0,469.49,0.0,0,9.23,13.04138888888889
53,53.0,75.0,22.0,255.93,0.0,0,3.64,11.633181818181818
43,44.0,77.0,33.0,433.2,0.0,0,9.66,13.127272727272727
54,54.0,79.0,25.0,387.67,0.0,0,7.94,15.5068
46,46.0,81.0,35.0,294.44,0.0,0,12.07,8.412571428571429
56,56.0,82.0,26.0,235.72,0.0,0,4.95,9.066153846153846
22,22.0,84.0,62.0,355.45,24.0,1,33.62,5.733064516129032
13,13.0,88.0,75.0,1023.62,0.0,0,18.02,13.648266666666666
49,49.0,89.0,40.0,389.92,0.0,0,4.65,9.748000000000001
60,60.0,90.0,30.0,273.52,0.0,0,9.71,9.117333333333333
59,59.0,95.0,36.0,201.02,6.0,2,18.46,5.58388888888889
92,92.0,103.0,11.0,109.32,0.0,0,0.63,9.938181818181818
78,78.0,104.0,26.0,247.84,0.0,0,6.36,9.532307692307693
62,62.0,106.0,44.0,427.05,0.0,0,10.69,9.705681818181818
76,76.0,107.0,31.0,393.83,0.0,0,8.36,12.704193548387096
66,66.0,111.0,45.0,431.22,0.0,0,8.42,9.582666666666666
50,50.0,114.0,64.0,1218.09,0.0,0,10.63,19.03265625
100,100.0,114.0,14.0,116.77,0.0,0,3.95,8.340714285714286
103,103.0,115.0,12.0,104.53,0.0,0,2.51,8.710833333333333
63,63.0,116.0,53.0,457.66,7.0,1,19.01,8.635094339622642
65,65.0,117.0,52.0,749.01,0.0,0,12.69,14.40403846153846
96,96.0,117.0,21.0,191.29,0.0,0,6.33,9.109047619047619
61,61.0,119.0,58.0,858.07,0.0,0,11.7,14.794310344827586
84,84.0,120.0,36.0,427.9,0.0,0,7.4,11.886111111111111
107,107.0,122.0,15.0,153.24,0.0,0,2.75,10.216000000000001
86,86.0,123.0,37.0,340.01,0.0,0,10.36,9.18945945945946
81,81.0,125.0,44.0,857.2,0.0,0,7.93,19.481818181818184
89,89.0,126.0,37.0,352.41,0.0,0,11.53,9.524594594594594
108,108.0,126.0,18.0,158.66,0.0,0,5.58,8.814444444444444
68,68.0,128.0,60.0,499.46,6.0,1,26.24,8.324333333333334
25,25.0,130.0,105.0,1003.41,21.0,2,50.0,9.556285714285714
93,93.0,130.0,37.0,289.81,1.0,1,11.39,7.8327027027027025
104,105.0,130.0,25.0,160.08,2.0,1,9.75,6.403200000000001
3,3.0,131.0,128.0,804.83,57.0,2,85.46,6.287734375
48,48.0,131.0,83.0,798.44,26.0,1,44.19,9.619759036144579
91,91.0,131.0,40.0,368.6,0.0,0,8.27,9.215
32,32.0,132.0,100.0,1154.47,30.0,1,55.06,11.5447
74,75.0,134.0,59.0,599.16,10.0,1,30.13,10.155254237288135
82,82.0,137.0,55.0,669.46,0.0,0,5.42,12.172
102,109.0,141.0,32.0,121.03,13.0,2,20.4,3.7821875
44,44.0,143.0,99.0,542.14,40.0,2,67.04,5.476161616161616
47,47.0,143.0,96.0,1050.05,16.0,1,33.38,10.938020833333333
26,26.0,144.0,118.0,688.92,44.0,2,65.81,5.8383050847457625
39,39.0,145.0,106.0,1078.5,36.0,1,55.0,10.174528301886792
106,106.0,147.0,41.0,710.19,0.0,0,7.89,17.321707317073173
110,110.0,148.0,38.0,311.06,1.0,1,10.84,8.18578947368421
73,73.0,151.0,78.0,488.97,42.0,1,59.12,6.268846153846154
24,24.0,152.0,128.0,1053.34,20.0,1,48.23,8.22921875
67,67.0,154.0,87.0,1124.65,1.0,1,21.32,12.927011494252875
95,95.0,156.0,61.0,858.07,0.0,0,12.36,14.06672131147541
101,101.0,156.0,55.0,706.72,0.0,0,8.36,12.849454545454545
12,12.0,162.0,150.0,928.08,37.0,4,94.05,6.187200000000001
55,55.0,163.0,108.0,1024.19,20.0,4,58.09,9.483240740740742
23,23.0,165.0,142.0,1126.21,25.0,3,64.9,7.931056338028169
42,42.0,167.0,125.0,1056.27,11.0,1,76.77,8.45016
121,121.0,167.0,46.0,543.68,0.0,0,8.3,11.819130434782608
126,126.0,171.0,45.0,201.03,24.0,1,30.1,4.467333333333333
36,36.0,172.0,136.0,805.08,46.0,2,88.46,5.919705882352941
21,21.0,173.0,152.0,828.01,65.0,4,110.91,5.447434210526316
130,130.0,173.0,43.0,466.11,0.0,0,7.89,10.839767441860465
129,129.0,174.0,45.0,429.11,1.0,1,11.67,9.535777777777778
20,20.0,175.0,155.0,1120.85,38.0,4,86.55,7.231290322580644
109,109.0,175.0,66.0,328.24,18.0,1,37.39,4.973333333333334
125,148.0,175.0,27.0,198.59,1.0,1,13.23,7.355185185185185
144,144.0,175.0,31.0,317.8,0.0,0,4.86,10.251612903225807
37,37.0,178.0,141.0,849.74,41.0,4,103.59,6.026524822695036
133,133.0,178.0,45.0,422.0,1.0,1,12.73,9.377777777777778
17,18.0,180.0,162.0,1446.67,17.0,3,56.05,8.930061728395062
151,151.0,180.0,29.0,170.84,5.0,1,14.95,5.891034482758621
119,120.0,182.0,62.0,319.55,25.0,1,38.36,5.154032258064516
30,30.0,187.0,157.0,1052.45,36.0,2,107.5,6.703503184713376
136,136.0,188.0,52.0,513.1,0.0,0,15.77,9.867307692307692
143,143.0,191.0,48.0,344.94,11.0,1,23.45,7.18625
70,70.0,192.0,122.0,684.52,57.0,2,91.27,5.610819672131147
153,153.0,196.0,43.0,358.1,0.0,0,12.22,8.327906976744186
138,138.0,197.0,59.0,452.28,15.0,1,24.65,7.6657627118644065
9,9.0,200.0,191.0,796.44,109.0,3,135.91,4.169842931937173
176,176.0,200.0,24.0,288.02,0.0,0,4.31,12.000833333333333
188,188.0,204.0,16.0,115.96,0.0,0,5.97,7.2475
2,2.0,206.0,204.0,1193.2,83.0,4,136.87,5.849019607843138
127,127.0,206.0,79.0,628.5,11.0,1,21.13,7.955696202531645
191,191.0,208.0,17.0,116.0,0.0,0,5.68,6.823529411764706
7,7.0,210.0,203.0,1180.28,90.0,3,129.38,5.814187192118227
154,154.0,210.0,56.0,659.37,0.0,0,9.33,11.774464285714286
173,173.0,210.0,37.0,269.35,11.0,1,18.51,7.2797297297297305
146,146.0,213.0,67.0,753.27,15.0,1,29.78,11.242835820895522
193,193.0,215.0,22.0,244.7,0.0,0,4.78,11.122727272727273
148,148.0,220.0,72.0,978.01,16.0,1,30.16,13.583472222222222
182,182.0,221.0,39.0,399.39,0.0,0,8.63,10.24076923076923
197,197.0,228.0,31.0,257.57,0.0,0,8.65,8.308709677419355
29,29.0,229.0,200.0,1259.3,93.0,5,141.09,6.2965
175,175.0,229.0,54.0,593.07,0.0,0,5.76,10.982777777777779
187,187.0,229.0,42.0,99.2,28.0,1,33.04,2.361904761904762
196,196.0,232.0,36.0,420.95,0.0,0,4.75,11.693055555555555
79,79.0,233.0,154.0,984.91,65.0,2,105.6,6.39551948051948
213,213.0,233.0,20.0,267.16,0.0,0,8.38,13.358
183,183.0,237.0,54.0,336.91,26.0,1,36.56,6.239074074074074
181,181.0,240.0,59.0,399.59,6.0,2,28.47,6.772711864406779
228,228.0,245.0,17.0,271.42,0.0,0,4.78,15.965882352941177
206,206.0,246.0,40.0,417.66,0.0,0,7.73,10.441500000000001
219,219.0,246.0,27.0,255.93,0.0,0,4.73,9.47888888888889
236,236.0,246.0,10.0,49.4,0.0,0,4.34,4.9399999999999995
58,58.0,247.0,189.0,843.54,89.0,3,142.38,4.463174603174603
11,11.0,248.0,237.0,706.03,140.0,6,192.03,2.9790295358649788
231,231.0,251.0,20.0,293.05,0.0,0,0.89,14.6525
227,227.0,253.0,26.0,379.67,0.0,0,1.23,14.602692307692308
229,229.0,253.0,24.0,219.56,0.0,0,7.4,9.148333333333333
184,184.0,254.0,70.0,335.68,31.0,1,41.7,4.795428571428571
178,178.0,255.0,77.0,1001.76,0.0,0,8.33,13.00987012987013
220,220.0,255.0,35.0,329.17,4.0,1,14.24,9.404857142857143
171,171.0,256.0,85.0,821.73,9.0,1,18.55,9.667411764705882
72,72.0,264.0,192.0,852.19,90.0,4,141.78,4.438489583333333
64,64.0,267.0,203.0,845.58,86.0,5,150.53,4.165418719211823
1,1.0,270.0,269.0,1162.41,128.0,6,183.23,4.321226765799257
88,92.0,271.0,179.0,1166.17,61.0,4,119.6,6.514916201117319
117,117.0,274.0,157.0,1332.46,72.0,2,102.61,8.487006369426751
52,52.0,275.0,223.0,1128.19,102.0,4,146.53,5.059147982062781
259,259.0,278.0,19.0,141.45,0.0,0,4.08,7.444736842105263
260,260.0,283.0,23.0,177.48,0.0,0,4.02,7.716521739130434
277,277.0,283.0,6.0,69.92,0.0,0,0.98,11.653333333333334
115,115.0,285.0,170.0,914.15,56.0,5,116.74,5.37735294117647
251,251.0,285.0,34.0,333.84,0.0,0,4.41,9.818823529411764
218,218.0,286.0,68.0,784.46,3.0,1,14.13,11.536176470588236
225,225.0,286.0,61.0,837.71,0.0,0,7.68,13.732950819672132
83,83.0,290.0,207.0,1089.46,77.0,7,147.69,5.263091787439614
139,148.0,295.0,147.0,507.21,43.0,3,115.87,3.450408163265306
114,114.0,296.0,182.0,1328.55,35.0,3,120.21,7.299725274725274
118,119.0,297.0,178.0,1059.05,45.0,3,120.63,5.949719101123595
255,255.0,297.0,42.0,274.8,1.0,1,10.5,6.542857142857143
275,275.0,297.0,22.0,193.14,0.0,0,5.17,8.77909090909091
189,189.0,299.0,110.0,392.27,56.0,2,93.08,3.5660909090909088
131,131.0,300.0,169.0,738.57,113.0,4,142.65,4.370236686390533
278,278.0,301.0,23.0,255.93,0.0,0,3.79,11.127391304347826
123,125.0,302.0,177.0,704.73,99.0,4,137.84,3.981525423728814
204,204.0,309.0,105.0,992.28,29.0,1,69.44,9.450285714285714
69,69.0,317.0,248.0,1614.1,80.0,4,135.25,6.508467741935483
141,141.0,326.0,185.0,995.7,92.0,3,130.7,5.382162162162162
291,291.0,327.0,36.0,344.94,0.0,0,7.7,9.581666666666667
308,308.0,331.0,23.0,276.55,0.0,0,2.73,12.023913043478261
166,166.0,332.0,166.0,1003.2,62.0,4,101.35,6.043373493975904
272,273.0,332.0,59.0,740.77,0.0,0,7.69,12.555423728813558
299,299.0,332.0,33.0,343.35,0.0,0,10.17,10.404545454545456
147,147.0,341.0,194.0,1105.32,100.0,3,137.19,5.697525773195876
216,216.0,341.0,125.0,915.83,64.0,3,88.81,7.32664
307,307.0,343.0,36.0,678.09,0.0,0,7.55,18.835833333333333
287,287.0,344.0,57.0,458.19,7.0,1,17.63,8.038421052631579
205,205.0,345.0,140.0,1056.75,24.0,3,74.1,7.548214285714286
217,217.0,345.0,128.0,835.11,58.0,3,71.35,6.524296875
164,164.0,347.0,183.0,1521.88,31.0,4,88.72,8.316284153005466
200,200.0,347.0,147.0,636.45,62.0,3,107.79,4.329591836734695
249,249.0,347.0,98.0,589.46,11.0,1,67.62,6.014897959183674
334,335.0,354.0,19.0,211.89,0.0,0,4.35,11.152105263157894
242,242.0,355.0,113.0,796.54,21.0,2,64.32,7.049026548672566
327,327.0,357.0,30.0,257.19,0.0,0,9.24,8.573
132,132.0,359.0,227.0,675.6,141.0,5,181.97,2.9762114537444937
155,155.0,361.0,206.0,1169.18,64.0,2,147.83,5.675631067961166
330,330.0,362.0,32.0,297.07,0.0,0,7.81,9.2834375
333,333.0,365.0,32.0,379.67,0.0,0,1.83,11.8646875
192,192.0,367.0,175.0,1091.99,33.0,2,124.53,6.239942857142857
335,335.0,372.0,37.0,365.65,0.0,0,6.01,9.882432432432433
195,195.0,377.0,182.0,1058.38,35.0,2,114.93,5.815274725274726
324,324.0,382.0,58.0,675.28,0.0,0,4.99,11.642758620689655
345,348.0,383.0,35.0,197.72,7.0,1,18.68,5.6491428571428575
340,340.0,384.0,44.0,115.48,24.0,1,34.29,2.6245454545454545
279,283.0,387.0,104.0,991.24,29.0,1,48.35,9.531153846153845
157,157.0,388.0,231.0,1096.6,141.0,6,189.99,4.747186147186147
295,295.0,388.0,93.0,837.71,16.0,2,40.17,9.00763440860215
337,337.0,388.0,51.0,524.93,0.0,0,11.39,10.292745098039214
207,207.0,391.0,184.0,955.91,39.0,4,132.55,5.195163043478261
313,340.0,392.0,52.0,890.47,0.0,0,9.06,17.124423076923076
339,343.0,392.0,49.0,468.12,0.0,0,17.4,9.553469387755102
353,353.0,392.0,39.0,414.67,0.0,0,7.88,10.632564102564103
293,293.0,393.0,100.0,734.87,45.0,3,72.08,7.3487
317,317.0,393.0,76.0,718.82,2.0,1,21.48,9.458157894736843
370,370.0,397.0,27.0,353.65,0.0,0,3.13,13.098148148148148
145,154.0,398.0,244.0,877.96,166.0,6,206.5,3.5981967213114756
387,387.0,403.0,16.0,181.14,0.0,0,0.75,11.32125
388,388.0,408.0,20.0,259.05,0.0,0,3.67,12.9525
391,391.0,411.0,20.0,157.93,3.0,1,8.46,7.8965000000000005
112,112.0,415.0,303.0,1163.91,173.0,7,229.18,3.8412871287128714
397,397.0,415.0,18.0,186.35,0.0,0,4.41,10.352777777777778
194,194.0,419.0,225.0,1488.04,89.0,3,127.39,6.613511111111111
399,399.0,423.0,24.0,156.34,0.0,0,11.76,6.514166666666667
212,212.0,424.0,212.0,872.19,85.0,4,166.76,4.1141037735849055
356,356.0,425.0,69.0,738.18,6.0,1,27.84,10.698260869565217
395,395.0,425.0,30.0,397.32,0.0,0,4.33,13.244
369,369.0,426.0,57.0,430.91,8.0,1,22.68,7.559824561403509
244,244.0,427.0,183.0,1106.24,77.0,3,130.11,6.045027322404372
416,416.0,437.0,21.0,217.2,0.0,0,5.63,10.342857142857142
262,262.0,441.0,179.0,721.27,95.0,4,147.41,4.029441340782123
33,33.0,444.0,411.0,710.4,301.0,1,311.79,1.7284671532846714
405,405.0,445.0,40.0,445.41,0.0,0,5.03,11.135250000000001
158,158.0,450.0,292.0,1122.26,135.0,8,206.26,3.8433561643835614
439,439.0,452.0,13.0,257.83,0.0,0,0.41,19.833076923076923
210,210.0,456.0,246.0,1332.46,147.0,5,196.43,5.416504065040651
302,302.0,459.0,157.0,256.78,128.0,2,145.2,1.6355414012738851
383,383.0,459.0,76.0,829.81,17.0,1,32.84,10.918552631578947
443,443.0,459.0,16.0,213.83,0.0,0,2.9,13.364375
28,28.0,469.0,441.0,694.21,373.0,5,405.32,1.5741723356009072
214,214.0,471.0,257.0,583.14,162.0,4,209.88,2.2690272373540856
258,258.0,471.0,213.0,1161.28,73.0,4,154.56,5.452018779342723
215,215.0,472.0,257.0,738.82,170.0,6,217.22,2.874785992217899
186,186.0,475.0,289.0,1097.49,176.0,7,237.34,3.7975432525951556
271,271.0,475.0,204.0,1470.92,56.0,5,128.25,7.210392156862746
463,463.0,475.0,12.0,95.7,0.0,0,4.55,7.9750000000000005
248,253.0,476.0,223.0,982.26,86.0,4,171.1,4.4047533632287
429,429.0,478.0,49.0,684.65,0.0,0,7.31,13.972448979591837
134,134.0,480.0,346.0,784.2,260.0,2,312.21,2.2664739884393064
190,190.0,481.0,291.0,1096.6,186.0,7,241.5,3.7683848797250854
445,445.0,481.0,36.0,397.47,0.0,0,4.65,11.040833333333333
449,449.0,488.0,39.0,441.54,0.0,0,7.98,11.321538461538463
246,246.0,489.0,243.0,1232.99,80.0,5,175.99,5.0740329218107
310,310.0,489.0,179.0,1016.93,40.0,2,119.58,5.681173184357542
323,323.0,492.0,169.0,1037.53,70.0,4,111.61,6.139230769230769
263,263.0,494.0,231.0,1170.94,58.0,5,167.43,5.069004329004329
483,483.0,494.0,11.0,85.69,0.0,0,3.35,7.79
208,208.0,499.0,291.0,964.27,178.0,4,223.81,3.3136426116838487
211,211.0,500.0,289.0,897.09,188.0,5,231.31,3.1041176470588234
276,276.0,500.0,224.0,1158.65,44.0,4,151.87,5.172544642857143
456,456.0,500.0,44.0,291.4,7.0,1,21.67,6.622727272727272
469,469.0,500.0,31.0,218.49,3.0,1,9.76,7.048064516129033
311,312.0,502.0,190.0,879.0,38.0,2,147.25,4.626315789473685
152,152.0,503.0,351.0,1278.42,246.0,2,298.94,3.6422222222222222
490,490.0,504.0,14.0,45.75,3.0,1,9.64,3.267857142857143
475,475.0,508.0,33.0,261.92,1.0,1,10.63,7.9369696969696975
198,198.0,514.0,316.0,1331.13,144.0,7,249.67,4.21243670886076
341,341.0,515.0,174.0,1416.92,60.0,3,92.26,8.143218390804599
507,507.0,517.0,10.0,43.49,0.0,0,3.25,4.349
312,312.0,519.0,207.0,1149.47,65.0,2,149.76,5.552995169082125
224,242.0,520.0,278.0,669.57,155.0,4,238.43,2.4085251798561154
465,465.0,521.0,56.0,877.19,2.0,1,14.48,15.664107142857144
506,506.0,526.0,20.0,223.61,0.0,0,2.97,11.1805
425,425.0,528.0,103.0,620.41,0.0,0,57.88,6.023398058252427
45,45.0,537.0,492.0,962.3,367.0,7,435.31,1.9558943089430894
137,137.0,538.0,401.0,1137.67,296.0,3,336.07,2.837082294264339
496,496.0,539.0,43.0,660.12,0.0,0,10.23,15.351627906976745
520,520.0,540.0,20.0,289.85,0.0,0,2.8,14.492500000000001
503,503.0,541.0,38.0,374.81,0.0,0,8.07,9.86342105263158
404,404.0,543.0,139.0,644.82,30.0,3,112.49,4.638992805755396
288,421.0,549.0,128.0,601.17,26.0,5,97.13,4.696640625
111,111.0,550.0,439.0,683.64,339.0,5,394.48,1.557266514806378
124,124.0,562.0,438.0,1002.58,297.0,4,388.74,2.2889954337899545
322,322.0,564.0,242.0,1317.6,99.0,4,162.1,5.444628099173554
550,550.0,567.0,17.0,207.22,0.0,0,0.85,12.189411764705882
305,345.0,571.0,226.0,364.12,170.0,6,210.92,1.6111504424778762
471,471.0,571.0,100.0,1349.92,30.0,1,47.83,13.4992
161,161.0,572.0,411.0,741.86,323.0,5,375.54,1.8050121654501217
486,486.0,572.0,86.0,811.44,24.0,2,60.35,9.435348837209302
537,537.0,572.0,35.0,259.08,0.0,0,9.25,7.402285714285714
238,238.0,574.0,336.0,776.07,229.0,8,293.28,2.309732142857143
361,361.0,575.0,214.0,1095.53,43.0,4,138.95,5.11929906542056
128,128.0,576.0,448.0,1005.13,283.0,3,396.02,2.24359375
557,557.0,577.0,20.0,141.45,0.0,0,6.15,7.0725
347,347.0,578.0,231.0,1317.6,70.0,6,146.74,5.703896103896104
326,326.0,580.0,254.0,1479.44,81.0,5,166.25,5.824566929133859
536,536.0,581.0,45.0,673.87,0.0,0,9.13,14.97488888888889
346,346.0,582.0,236.0,1470.92,60.0,2,177.11,6.23271186440678
539,539.0,583.0,44.0,344.55,8.0,1,18.79,7.8306818181818185
581,581.0,583.0,2.0,14.31,0.0,0,0.08,7.155
267,267.0,586.0,319.0,1084.57,215.0,8,268.64,3.3999059561128524
577,577.0,586.0,9.0,109.36,0.0,0,0.42,12.151111111111112
484,484.0,588.0,104.0,844.41,31.0,2,64.78,8.119326923076922
357,357.0,589.0,232.0,973.05,54.0,2,180.11,4.194181034482758
351,351.0,596.0,245.0,1454.41,47.0,2,164.85,5.936367346938776
576,576.0,599.0,23.0,486.67,0.0,0,0.64,21.159565217391304
256,256.0,601.0,345.0,954.46,188.0,4,291.32,2.7665507246376815
482,482.0,603.0,121.0,1552.12,0.0,0,31.18,12.827438016528925
564,568.0,604.0,36.0,299.98,0.0,0,7.33,8.332777777777778
371,371.0,605.0,234.0,1038.65,39.0,2,173.77,4.438675213675214
366,366.0,606.0,240.0,1189.92,41.0,4,181.33,4.958
585,585.0,606.0,21.0,191.93,0.0,0,5.02,9.13952380952381
402,402.0,608.0,206.0,927.35,82.0,4,159.74,4.501699029126214
523,523.0,608.0,85.0,821.59,24.0,1,42.77,9.665764705882353
453,453.0,613.0,160.0,1463.21,38.0,4,95.68,9.1450625
580,580.0,614.0,34.0,316.17,0.0,0,6.74,9.299117647058823
594,595.0,616.0,21.0,167.04,0.0,0,7.45,7.954285714285714
501,501.0,617.0,116.0,945.81,46.0,2,58.21,8.15353448275862
592,592.0,621.0,29.0,267.58,0.0,0,10.78,9.226896551724137
432,432.0,622.0,190.0,837.61,88.0,4,148.5,4.408473684210526
524,524.0,622.0,98.0,620.41,4.0,1,57.47,6.3307142857142855
542,542.0,622.0,80.0,607.39,35.0,2,51.22,7.592375
586,586.0,631.0,45.0,452.79,0.0,0,13.27,10.062000000000001
589,589.0,631.0,42.0,722.64,0.0,0,6.55,17.205714285714286
584,584.0,634.0,50.0,678.13,0.0,0,5.3,13.5626
609,609.0,634.0,25.0,263.48,0.0,0,5.51,10.539200000000001
222,222.0,635.0,413.0,1125.19,260.0,10,319.57,2.7244309927360777
168,168.0,636.0,468.0,732.99,325.0,8,427.05,1.5662179487179488
545,545.0,637.0,92.0,800.45,19.0,1,45.3,8.70054347826087
411,411.0,645.0,234.0,1143.63,87.0,9,158.21,4.887307692307693
457,457.0,647.0,190.0,721.49,77.0,7,150.73,3.7973157894736844
165,165.0,648.0,483.0,563.18,406.0,7,450.0,1.1660041407867494
232,235.0,648.0,413.0,918.97,313.0,7,359.32,2.2251089588377724
638,638.0,651.0,13.0,126.82,0.0,0,3.18,9.755384615384616
505,505.0,654.0,149.0,742.82,101.0,2,120.63,4.985369127516779
624,624.0,656.0,32.0,365.39,0.0,0,6.27,11.4184375
454,454.0,665.0,211.0,826.32,69.0,8,162.53,3.9162085308056875
543,543.0,665.0,122.0,1349.92,41.0,3,67.32,11.064918032786887
601,601.0,666.0,65.0,550.27,28.0,2,44.64,8.465692307692308
451,451.0,668.0,217.0,955.91,75.0,7,161.99,4.405115207373272
653,653.0,670.0,17.0,307.93,0.0,0,0.67,18.113529411764706
635,635.0,671.0,36.0,380.09,0.0,0,9.45,10.558055555555555
650,651.0,672.0,21.0,244.38,0.0,0,3.64,11.637142857142857
493,493.0,674.0,181.0,1055.59,22.0,4,131.95,5.8319889502762425
435,435.0,675.0,240.0,1149.47,63.0,7,179.24,4.789458333333333
660,660.0,675.0,15.0,126.39,0.0,0,4.29,8.426
648,648.0,677.0,29.0,320.43,0.0,0,4.05,11.049310344827587
652,652.0,677.0,25.0,179.98,1.0,1,9.63,7.199199999999999
254,254.0,680.0,426.0,1030.58,314.0,7,365.95,2.419201877934272
645,645.0,680.0,35.0,215.34,8.0,1,14.23,6.152571428571429
149,149.0,681.0,532.0,963.43,340.0,11,477.01,1.8109586466165413
376,376.0,683.0,307.0,802.64,160.0,7,272.89,2.6144625407166124
90,90.0,690.0,600.0,796.21,395.0,8,526.61,1.3270166666666667
619,619.0,690.0,71.0,687.32,0.0,0,12.18,9.680563380281692
659,659.0,691.0,32.0,281.97,0.0,0,5.69,8.8115625
647,647.0,692.0,45.0,374.59,1.0,1,14.04,8.324222222222222
655,655.0,692.0,37.0,321.29,0.0,0,9.85,8.683513513513514
375,375.0,693.0,318.0,1230.45,172.0,5,217.55,3.8693396226415095
546,546.0,695.0,149.0,610.91,13.0,4,113.94,4.100067114093959
480,503.0,702.0,199.0,455.61,83.0,5,179.12,2.289497487437186
701,701.0,702.0,1.0,8.38,0.0,0,0.09,8.38
508,510.0,705.0,195.0,546.07,75.0,4,166.5,2.8003589743589745
481,481.0,712.0,231.0,1079.83,100.0,5,164.9,4.674588744588744
487,487.0,721.0,234.0,1406.42,72.0,7,177.57,6.010341880341881
689,689.0,723.0,34.0,302.59,0.0,0,13.43,8.89970588235294
704,707.0,723.0,16.0,100.72,0.0,0,5.52,6.295
534,534.0,729.0,195.0,315.98,138.0,4,182.71,1.6204102564102565
562,563.0,729.0,166.0,1143.63,27.0,4,92.78,6.889337349397591
695,695.0,730.0,35.0,454.81,0.0,0,12.13,12.994571428571428
535,535.0,733.0,198.0,1193.81,39.0,4,108.07,6.029343434343434
708,708.0,735.0,27.0,250.62,0.0,0,8.49,9.282222222222222
140,140.0,736.0,596.0,796.06,352.0,4,451.65,1.3356711409395972
531,531.0,736.0,205.0,988.69,65.0,3,159.59,4.822878048780488
683,683.0,737.0,54.0,629.52,11.0,1,28.27,11.657777777777778
485,485.0,739.0,254.0,653.18,183.0,8,227.82,2.571574803149606
669,669.0,747.0,78.0,1349.92,11.0,1,28.8,17.30666666666667
253,253.0,753.0,500.0,1056.74,379.0,9,443.26,2.11348
521,521.0,753.0,232.0,896.85,85.0,3,187.22,3.8657327586206898
596,596.0,760.0,164.0,990.14,20.0,3,108.06,6.037439024390244
617,617.0,764.0,147.0,1349.73,66.0,3,102.28,9.181836734693878
667,667.0,779.0,112.0,1463.21,12.0,1,53.33,13.064375
737,737.0,779.0,42.0,387.11,0.0,0,13.45,9.216904761904763
734,734.0,783.0,49.0,633.84,0.0,0,3.14,12.935510204081634
764,764.0,783.0,19.0,244.38,0.0,0,2.15,12.862105263157895
715,715.0,786.0,71.0,1001.76,0.0,0,6.93,14.109295774647887
614,614.0,787.0,173.0,704.24,40.0,2,138.23,4.070751445086705
57,57.0,789.0,732.0,820.07,655.0,5,693.92,1.1203142076502732
744,744.0,791.0,47.0,304.12,13.0,1,22.04,6.47063829787234
512,512.0,792.0,280.0,1102.17,102.0,4,224.67,3.936321428571429
741,741.0,798.0,57.0,714.32,0.0,0,8.53,12.531929824561404
688,688.0,801.0,113.0,859.63,43.0,1,57.35,7.6073451327433625
517,517.0,803.0,286.0,1207.75,98.0,6,218.76,4.2229020979020975
797,797.0,806.0,9.0,63.94,0.0,0,3.98,7.104444444444444
467,467.0,807.0,340.0,699.76,186.0,7,312.91,2.0581176470588236
775,775.0,807.0,32.0,344.55,0.0,0,7.77,10.7671875
563,563.0,811.0,248.0,840.02,65.0,5,204.44,3.3871774193548387
783,783.0,812.0,29.0,217.88,0.0,0,8.66,7.513103448275862
548,548.0,814.0,266.0,939.39,91.0,5,223.32,3.5315413533834588
802,802.0,816.0,14.0,105.3,0.0,0,4.17,7.521428571428571
368,368.0,820.0,452.0,156.33,362.0,2,371.89,0.3458628318584071
472,472.0,821.0,349.0,164.73,301.0,1,303.73,0.47200573065902574
799,799.0,826.0,27.0,328.51,0.0,0,1.27,12.167037037037037
767,767.0,827.0,60.0,680.52,8.0,1,15.85,11.342
627,627.0,829.0,202.0,918.97,111.0,4,143.86,4.549356435643564
805,805.0,830.0,25.0,227.25,0.0,0,7.7,9.09
739,739.0,831.0,92.0,413.63,51.0,2,72.83,4.495978260869565
575,575.0,835.0,260.0,1540.75,103.0,6,188.09,5.9259615384615385
672,672.0,835.0,163.0,653.18,100.0,4,131.72,4.0072392638036805
270,270.0,836.0,566.0,1033.24,460.0,7,511.87,1.8255123674911662
815,815.0,838.0,23.0,243.34,0.0,0,5.73,10.58
831,831.0,840.0,9.0,57.83,0.0,0,3.85,6.4255555555555555
816,816.0,843.0,27.0,543.34,0.0,0,4.31,20.123703703703704
804,804.0,845.0,41.0,419.03,0.0,0,8.74,10.220243902439023
551,551.0,849.0,298.0,1431.08,64.0,5,204.74,4.802281879194631
789,789.0,849.0,60.0,868.83,0.0,0,14.04,14.480500000000001
447,447.0,851.0,404.0,1235.0,220.0,7,348.38,3.0569306930693068
177,177.0,855.0,678.0,224.84,556.0,2,563.22,0.331622418879056
602,827.0,856.0,29.0,238.54,3.0,1,10.37,8.22551724137931
142,142.0,863.0,721.0,366.55,577.0,2,593.9,0.5083911234396672
826,826.0,870.0,44.0,661.68,0.0,0,11.85,15.038181818181817
549,549.0,873.0,324.0,789.76,260.0,1,275.2,2.4375308641975306
867,867.0,882.0,15.0,91.55,0.0,0,4.17,6.1033333333333335
858,858.0,886.0,28.0,445.23,0.0,0,4.76,15.901071428571429
868,868.0,888.0,20.0,176.73,0.0,0,4.12,8.8365
876,876.0,888.0,12.0,86.79,0.0,0,4.42,7.232500000000001
697,697.0,898.0,201.0,1530.19,80.0,2,107.8,7.612885572139303
871,871.0,899.0,28.0,301.24,0.0,0,11.9,10.758571428571429
314,314.0,901.0,587.0,380.12,419.0,4,445.4,0.6475638841567292
378,378.0,905.0,527.0,343.72,475.0,3,498.56,0.6522201138519924
813,813.0,907.0,94.0,789.61,26.0,1,39.5,8.400106382978723
730,730.0,913.0,183.0,690.43,110.0,6,157.35,3.7728415300546447
374,374.0,915.0,541.0,398.71,485.0,3,506.89,0.7369870609981516
703,703.0,916.0,213.0,670.55,150.0,4,186.43,3.148122065727699
283,285.0,918.0,633.0,717.43,536.0,7,589.62,1.133380726698262
807,807.0,919.0,112.0,413.63,75.0,2,97.68,3.6931249999999998
843,843.0,928.0,85.0,1349.92,20.0,1,39.93,15.881411764705883
907,907.0,929.0,22.0,148.03,2.0,1,12.01,6.7286363636363635
878,878.0,932.0,54.0,753.27,7.0,1,20.7,13.949444444444444
920,920.0,947.0,27.0,270.27,0.0,0,5.66,10.01
939,939.0,958.0,19.0,151.88,0.0,0,6.73,7.9936842105263155
903,903.0,960.0,57.0,718.02,0.0,0,6.5,12.596842105263157
894,894.0,963.0,69.0,984.67,20.0,1,31.83,14.270579710144927
940,940.0,965.0,25.0,213.57,0.0,0,4.87,8.5428
864,864.0,970.0,106.0,1854.59,0.0,0,17.47,17.496132075471696
969,969.0,973.0,4.0,47.64,0.0,0,0.18,11.91
662,662.0,975.0,313.0,388.41,269.0,1,279.97,1.240926517571885
814,814.0,981.0,167.0,1050.05,79.0,3,119.37,6.287724550898203
887,887.0,981.0,94.0,1063.19,4.0,1,23.96,11.310531914893618
434,434.0,1001.0,567.0,583.47,499.0,2,511.11,1.029047619047619
877,877.0,1010.0,133.0,795.8,77.0,2,97.18,5.983458646616541
360,360.0,1011.0,651.0,637.56,415.0,5,447.08,0.9793548387096773
306,306.0,1017.0,711.0,1092.83,575.0,13,652.27,1.5370323488045006
959,962.0,1018.0,56.0,800.45,0.0,0,12.07,14.293750000000001
880,880.0,1020.0,140.0,999.09,57.0,2,95.54,7.136357142857143
922,922.0,1021.0,99.0,742.82,49.0,2,66.94,7.503232323232324
1009,1009.0,1021.0,12.0,112.47,0.0,0,3.73,9.3725
801,801.0,1025.0,224.0,740.49,170.0,2,189.7,3.3057589285714286
942,942.0,1025.0,83.0,1005.87,8.0,1,33.41,12.118915662650602
234,234.0,1027.0,793.0,1466.92,660.0,5,699.03,1.8498360655737707
1017,1017.0,1034.0,17.0,158.83,0.0,0,5.59,9.342941176470589
948,958.0,1046.0,88.0,851.2,0.0,0,9.39,9.672727272727274
462,463.0,1051.0,588.0,108.83,561.0,2,578.83,0.18508503401360543
180,180.0,1064.0,884.0,1295.26,627.0,4,661.88,1.4652262443438915
1005,1005.0,1072.0,67.0,863.77,0.0,0,19.46,12.892089552238806
1072,1072.0,1083.0,11.0,113.53,0.0,0,1.97,10.32090909090909
75,75.0,1083.0,1008.0,296.3,934.0,6,969.49,0.2939484126984127
1077,1077.0,1084.0,7.0,33.39,0.0,0,3.3,4.7700000000000005
965,965.0,1103.0,138.0,833.85,76.0,2,106.32,6.042391304347826
298,298.0,1105.0,807.0,669.36,729.0,4,757.12,0.8294423791821561
1079,1079.0,1119.0,40.0,710.04,0.0,0,8.18,17.750999999999998
156,156.0,1144.0,988.0,1239.13,821.0,10,932.54,1.25418016194332
808,808.0,1150.0,342.0,167.12,301.0,1,308.07,0.48865497076023395
910,910.0,1183.0,273.0,183.64,249.0,1,259.43,0.6726739926739926
891,891.0,1184.0,293.0,156.35,276.0,1,281.9,0.533617747440273
1173,1173.0,1184.0,11.0,156.1,0.0,0,0.51,14.19090909090909
879,879.0,1185.0,306.0,728.72,250.0,2,267.32,2.381437908496732
923,923.0,1185.0,262.0,183.64,238.0,1,248.56,0.7009160305343511
1185,1185.0,1187.0,2.0,41.58,0.0,0,0.1,20.79
901,901.0,1190.0,289.0,325.62,253.0,1,263.06,1.126712802768166
209,209.0,1203.0,994.0,648.09,821.0,6,849.76,0.6520020120724347
1174,1174.0,1230.0,56.0,1045.6,10.0,1,20.28,18.67142857142857
1213,1213.0,1235.0,22.0,232.11,0.0,0,4.5,10.550454545454546
1194,1194.0,1244.0,50.0,803.36,0.0,0,9.81,16.0672
321,321.0,1245.0,924.0,883.55,714.0,4,744.33,0.9562229437229437
381,383.0,1262.0,879.0,467.87,649.0,3,686.25,0.5322753128555177
1231,1231.0,1269.0,38.0,473.89,3.0,1,16.1,12.47078947368421
838,838.0,1301.0,463.0,17.28,457.0,2,459.32,0.037321814254859614
1253,1253.0,1323.0,70.0,1045.6,14.0,1,24.33,14.937142857142856
1316,1316.0,1323.0,7.0,41.06,0.0,0,2.77,5.865714285714286
1108,1313.0,1330.0,17.0,145.67,0.0,0,3.48,8.568823529411764
890,890.0,1332.0,442.0,210.87,408.0,3,425.92,0.4770814479638009
982,982.0,1332.0,350.0,422.33,301.0,3,322.77,1.2066571428571429
1298,1298.0,1334.0,36.0,454.81,0.0,0,12.86,12.633611111111112
1283,1283.0,1337.0,54.0,754.81,2.0,1,19.98,13.977962962962962
889,889.0,1342.0,453.0,739.33,384.0,2,401.26,1.632075055187638
1106,1106.0,1344.0,238.0,816.55,168.0,1,180.15,3.4308823529411763
1240,1240.0,1345.0,105.0,307.82,62.0,2,82.51,2.9316190476190473
706,706.0,1347.0,641.0,913.06,554.0,3,574.75,1.4244305772230887
1028,1028.0,1347.0,319.0,258.18,287.0,1,298.33,0.8093416927899687
1324,1324.0,1347.0,23.0,387.67,0.0,0,7.43,16.855217391304347
995,1311.0,1364.0,53.0,521.11,0.0,0,3.47,9.832264150943397
651,651.0,1365.0,714.0,162.89,686.0,3,701.9,0.22813725490196077
822,822.0,1373.0,551.0,776.7,438.0,2,445.35,1.4096188747731397
665,665.0,1374.0,709.0,324.41,436.0,3,452.95,0.4575599435825106
770,770.0,1375.0,605.0,433.35,495.0,2,510.78,0.7162809917355373
296,296.0,1378.0,1082.0,757.25,974.0,9,1034.01,0.6998613678373382
872,872.0,1382.0,510.0,488.12,444.0,4,486.94,0.9570980392156863
1042,1042.0,1382.0,340.0,721.2,289.0,2,315.78,2.121176470588235
373,373.0,1398.0,1025.0,308.15,961.0,5,1003.74,0.3006341463414634
424,424.0,1399.0,975.0,329.7,616.0,3,627.54,0.33815384615384614
494,494.0,1401.0,907.0,403.72,842.0,3,855.44,0.44511576626240357
1387,1387.0,1403.0,16.0,142.92,0.0,0,5.42,8.9325
1375,1375.0,1415.0,40.0,722.23,0.0,0,5.77,18.05575
468,524.0,1421.0,897.0,255.35,859.0,7,884.22,0.2846711259754738
1393,1393.0,1422.0,29.0,441.24,0.0,0,10.48,15.215172413793104
756,756.0,1443.0,687.0,1765.0,575.0,3,615.48,2.569141193595342
1416,1416.0,1461.0,45.0,750.98,0.0,0,8.25,16.688444444444446
599,1073.0,1464.0,391.0,402.99,301.0,1,307.23,1.0306649616368286
1454,1454.0,1466.0,12.0,156.1,0.0,0,0.55,13.008333333333333
1050,1050.0,1474.0,424.0,1067.04,301.0,1,319.34,2.5166037735849054
1018,1018.0,1495.0,477.0,296.09,427.0,2,440.17,0.620733752620545
1006,1006.0,1505.0,499.0,368.6,445.0,2,467.42,0.7386773547094189
975,975.0,1506.0,531.0,395.93,484.0,2,499.59,0.7456308851224106
1244,1244.0,1507.0,263.0,353.07,221.0,1,231.57,1.3424714828897337
984,984.0,1512.0,528.0,247.62,486.0,3,509.57,0.46897727272727274
1197,1197.0,1525.0,328.0,68.18,301.0,1,302.66,0.2078658536585366
778,778.0,1559.0,781.0,442.32,592.0,3,607.42,0.5663508322663252
882,1173.0,1561.0,388.0,425.0,318.0,2,340.56,1.0953608247422681
1565,1565.0,1578.0,13.0,246.06,0.0,0,0.57,18.927692307692308
1313,1313.0,1589.0,276.0,1045.94,216.0,2,231.1,3.7896376811594203
384,386.0,1613.0,1227.0,467.87,946.0,4,989.33,0.3813121434392828
547,547.0,1631.0,1084.0,130.33,927.0,4,944.15,0.12023062730627307
203,203.0,1635.0,1432.0,413.28,1355.0,7,1407.9,0.28860335195530723
1128,1128.0,1638.0,510.0,282.25,354.0,2,368.3,0.5534313725490196
935,935.0,1638.0,703.0,203.0,656.0,4,677.88,0.2887624466571835
1622,1622.0,1640.0,18.0,254.26,0.0,0,7.28,14.125555555555556
1602,1602.0,1645.0,43.0,660.12,0.0,0,9.24,15.351627906976745
1156,1156.0,1646.0,490.0,149.38,467.0,2,478.13,0.3048571428571428
1219,1219.0,1651.0,432.0,226.67,301.0,1,304.4,0.524699074074074
1601,1601.0,1651.0,50.0,803.36,0.0,0,9.69,16.0672
932,932.0,1656.0,724.0,230.17,661.0,4,680.04,0.31791436464088396
865,865.0,1660.0,795.0,339.68,617.0,4,646.07,0.42727044025157235
1646,1646.0,1667.0,21.0,438.69,0.0,0,0.66,20.89
1651,1651.0,1669.0,18.0,234.74,0.0,0,6.04,13.041111111111112
1340,1340.0,1672.0,332.0,664.36,301.0,1,304.13,2.001084337349398
608,608.0,1673.0,1065.0,341.32,1007.0,4,1036.04,0.3204882629107981
1091,1091.0,1683.0,592.0,688.62,528.0,2,537.35,1.1632094594594595
414,415.0,1692.0,1277.0,228.6,1223.0,6,1260.85,0.17901331245105717
593,593.0,1691.0,1098.0,1165.07,681.0,6,787.86,1.0610837887067395
929,929.0,1727.0,798.0,702.65,669.0,6,696.94,0.8805137844611528
489,489.0,1752.0,1263.0,331.74,1163.0,5,1184.18,0.2626603325415677
1361,1361.0,1761.0,400.0,999.09,336.0,2,354.74,2.497725
781,781.0,1766.0,985.0,404.79,698.0,4,719.36,0.41095431472081223
1725,1725.0,1770.0,45.0,660.12,0.0,0,8.75,14.669333333333334
981,981.0,1774.0,793.0,617.32,671.0,3,690.54,0.7784615384615385
1452,1452.0,1790.0,338.0,610.87,301.0,1,308.66,1.8073076923076923
738,738.0,1800.0,1062.0,389.92,993.0,7,1034.77,0.36715630885122413
810,810.0,1800.0,990.0,710.07,909.0,4,932.11,0.7172424242424243
977,977.0,1802.0,825.0,790.77,738.0,5,782.8,0.9585090909090909
1618,1618.0,1806.0,188.0,33.39,174.0,2,184.48,0.17760638297872341
1647,1803.0,1810.0,7.0,33.39,0.0,0,3.24,4.7700000000000005
1098,1098.0,1811.0,713.0,374.01,582.0,6,615.48,0.5245582047685834
606,606.0,1820.0,1214.0,907.62,1044.0,7,1155.13,0.7476276771004943
883,883.0,1820.0,937.0,79.19,906.0,5,930.12,0.08451440768409818
773,773.0,1822.0,1049.0,441.27,986.0,4,1019.49,0.42065776930409915
428,428.0,1823.0,1395.0,568.76,967.0,6,999.79,0.4077132616487455
819,819.0,1826.0,1007.0,203.36,965.0,5,992.84,0.20194637537239327
839,1041.0,1831.0,790.0,415.96,741.0,3,763.82,0.5265316455696202
1790,1790.0,1833.0,43.0,803.36,0.0,0,11.2,18.68279069767442
516,516.0,1834.0,1318.0,1392.82,1100.0,9,1251.99,1.0567678300455234
1170,1170.0,1835.0,665.0,197.72,626.0,6,650.69,0.2973233082706767
1520,1721.0,1843.0,122.0,193.59,84.0,2,107.21,1.5868032786885247
1442,1442.0,1846.0,404.0,422.63,301.0,1,303.35,1.0461138613861387
417,418.0,1851.0,1433.0,871.23,1225.0,4,1248.44,0.6079762735519888
598,598.0,1854.0,1256.0,900.28,803.0,3,815.22,0.7167834394904459
237,237.0,1865.0,1628.0,597.14,1090.0,4,1109.46,0.3667936117936118
790,790.0,1867.0,1077.0,1317.27,665.0,4,689.43,1.223091922005571
1851,1851.0,1870.0,19.0,240.51,0.0,0,6.05,12.658421052631578
1509,1509.0,1878.0,369.0,569.68,312.0,2,319.89,1.5438482384823846
252,424.0,1878.0,1454.0,209.44,1340.0,7,1371.06,0.1440440165061898
951,953.0,1879.0,926.0,1001.76,819.0,4,860.85,1.0818142548596112
473,473.0,1887.0,1414.0,276.02,1189.0,5,1207.27,0.1952050919377652
1023,1530.0,1892.0,362.0,146.02,301.0,1,303.95,0.4033701657458564
1611,1611.0,1895.0,284.0,468.6,208.0,4,254.14,1.6500000000000001
1417,1417.0,1903.0,486.0,522.35,301.0,1,310.22,1.0747942386831275
363,363.0,1910.0,1547.0,1072.14,1241.0,9,1292.89,0.6930446024563672
364,364.0,1912.0,1548.0,844.6,1280.0,7,1336.07,0.5456072351421188
1208,1208.0,1914.0,706.0,601.37,636.0,8,681.02,0.8517988668555241
1888,1888.0,1914.0,26.0,387.67,0.0,0,6.89,14.910384615384617
309,309.0,1920.0,1611.0,1161.34,1456.0,13,1546.72,0.7208814400993171
1045,1045.0,1931.0,886.0,998.82,497.0,5,548.72,1.1273363431151242
1649,1649.0,1934.0,285.0,774.08,185.0,4,239.77,2.7160701754385967
793,793.0,1937.0,1144.0,369.1,993.0,5,1018.79,0.3226398601398602
174,174.0,1939.0,1765.0,1095.08,1497.0,8,1557.88,0.620441926345609
386,386.0,1939.0,1553.0,673.36,1252.0,7,1293.74,0.433586606567933
573,573.0,1951.0,1378.0,1308.97,964.0,6,1015.0,0.9499056603773585
1915,1915.0,1954.0,39.0,708.48,0.0,0,4.92,18.166153846153847
1285,1285.0,1959.0,674.0,297.05,612.0,3,625.53,0.44072700296735906
294,294.0,1960.0,1666.0,747.18,1340.0,7,1377.69,0.4484873949579832
433,433.0,1978.0,1545.0,506.43,923.0,5,937.36,0.3277864077669903
945,945.0,1983.0,1038.0,772.61,954.0,5,979.88,0.7443256262042389
1275,1275.0,1986.0,711.0,664.41,321.0,2,330.41,0.9344725738396624
622,751.0,1987.0,1236.0,644.76,616.0,3,627.94,0.5216504854368932
160,160.0,1990.0,1830.0,337.89,1742.0,5,1771.49,0.18463934426229509
1950,1950.0,1993.0,43.0,803.36,0.0,0,9.41,18.68279069767442
983,983.0,1995.0,1012.0,1009.76,909.0,4,946.24,0.9977865612648221
1033,1033.0,2007.0,974.0,576.61,630.0,12,656.09,0.5920020533880903
1112,1112.0,2008.0,896.0,506.09,828.0,12,873.23,0.5648325892857142
510,510.0,2015.0,1505.0,877.07,819.0,4,836.2,0.5827707641196014
999,999.0,2019.0,1020.0,723.77,917.0,4,931.3,0.7095784313725491
257,257.0,2022.0,1765.0,417.79,1660.0,7,1698.92,0.23670821529745042
1405,1504.0,2022.0,518.0,91.06,434.0,2,436.71,0.1757915057915058
1696,1696.0,2024.0,328.0,515.47,284.0,1,301.87,1.5715548780487805
1987,1987.0,2026.0,39.0,708.48,0.0,0,5.01,18.166153846153847
1988,1988.0,2030.0,42.0,468.97,0.0,0,2.08,11.165952380952382
1025,1025.0,2038.0,1013.0,603.85,901.0,4,923.77,0.5961006910167819
1058,1058.0,2058.0,1000.0,773.14,319.0,2,321.93,0.7731399999999999
71,71.0,2062.0,1991.0,297.9,1851.0,11,1915.43,0.14962330487192366
723,723.0,2066.0,1343.0,940.41,907.0,5,928.14,0.7002308265078183
2044,2044.0,2090.0,46.0,660.12,0.0,0,7.8,14.350434782608696
116,116.0,2097.0,1981.0,1098.57,1511.0,7,1553.84,0.5545532559313477
553,553.0,2113.0,1560.0,141.01,1514.0,6,1546.82,0.09039102564102564
1859,1859.0,2116.0,257.0,115.76,238.0,2,248.57,0.45042801556420237
2093,2093.0,2120.0,27.0,232.11,0.0,0,4.8,8.596666666666668
2096,2096.0,2122.0,26.0,433.2,0.0,0,5.3,16.661538461538463
853,853.0,2125.0,1272.0,967.42,826.0,4,844.44,0.7605503144654088
513,769.0,2139.0,1370.0,446.57,1311.0,5,1339.8,0.32596350364963506
766,766.0,2144.0,1378.0,792.52,1016.0,10,1068.73,0.5751233671988388
497,497.0,2145.0,1648.0,794.74,1338.0,5,1370.49,0.48224514563106796
413,413.0,2148.0,1735.0,929.79,1391.0,8,1430.57,0.5359020172910662
2127,2127.0,2150.0,23.0,232.11,0.0,0,4.02,10.091739130434783
1847,1848.0,2160.0,312.0,193.59,278.0,2,294.95,0.6204807692307692
1335,1335.0,2162.0,827.0,390.55,774.0,3,798.14,0.4722490931076179
567,567.0,2162.0,1595.0,221.53,1397.0,5,1431.0,0.13889028213166144
1386,1386.0,2163.0,777.0,390.55,721.0,3,747.38,0.5026383526383527
1053,1053.0,2165.0,1112.0,224.59,1053.0,8,1093.45,0.20196942446043165
1402,1402.0,2166.0,764.0,315.01,707.0,5,736.26,0.4123167539267016
1463,1463.0,2167.0,704.0,605.38,665.0,3,675.43,0.8599147727272727
1057,1057.0,2168.0,1111.0,1111.07,598.0,3,634.66,1.00006300630063
1939,1939.0,2172.0,233.0,33.39,219.0,2,229.64,0.1433047210300429
419,422.0,2178.0,1756.0,696.66,1223.0,6,1249.0,0.39673120728929384
560,560.0,2190.0,1630.0,988.84,1420.0,11,1546.48,0.6066503067484663
514,514.0,2202.0,1688.0,992.52,1134.0,5,1161.27,0.5879857819905213
1178,1389.0,2202.0,813.0,702.05,301.0,1,306.39,0.8635301353013529
1238,1238.0,2204.0,966.0,275.37,694.0,3,709.64,0.28506211180124225
1120,1837.0,2209.0,372.0,144.23,310.0,1,314.74,0.38771505376344084
2200,2200.0,2211.0,11.0,156.1,0.0,0,0.55,14.19090909090909
332,332.0,2213.0,1881.0,1068.73,1307.0,5,1330.59,0.5681711855396065
1881,1881.0,2215.0,334.0,72.53,301.0,1,305.18,0.2171556886227545
2228,2228.0,2232.0,4.0,35.39,0.0,0,0.23,8.8475
1155,1155.0,2238.0,1083.0,956.36,661.0,5,680.52,0.8830655586334257
1144,1144.0,2258.0,1114.0,619.81,686.0,4,709.18,0.5563824057450628
500,500.0,2267.0,1767.0,238.15,1593.0,7,1629.59,0.1347764572722128
412,412.0,2277.0,1865.0,589.74,1516.0,7,1572.88,0.31621447721179624
825,825.0,2289.0,1464.0,483.28,955.0,4,973.34,0.3301092896174863
1502,1502.0,2309.0,807.0,1018.43,404.0,3,426.57,1.261995043370508
2294,2294.0,2316.0,22.0,232.11,0.0,0,5.19,10.550454545454546
385,388.0,2319.0,1931.0,404.85,1835.0,8,1907.37,0.20965820818228897
273,273.0,2324.0,2051.0,290.67,1859.0,8,1902.81,0.14172111165285228
1721,1721.0,2328.0,607.0,434.46,559.0,2,584.56,0.7157495881383855
1688,2025.0,2333.0,308.0,191.81,301.0,1,301.15,0.6227597402597402
1583,1583.0,2346.0,763.0,775.86,649.0,3,660.33,1.0168545216251639
525,525.0,2347.0,1822.0,227.98,1724.0,6,1766.72,0.12512623490669594
1660,1660.0,2360.0,700.0,691.12,639.0,5,666.1,0.9873142857142857
1711,1714.0,2364.0,650.0,170.89,599.0,2,611.05,0.2629076923076923
379,379.0,2368.0,1989.0,290.65,1856.0,9,1900.91,0.14612870789341376
329,329.0,2372.0,2043.0,138.39,1916.0,7,1947.92,0.06773861967694567
827,827.0,2384.0,1557.0,354.45,1470.0,7,1526.31,0.22764932562620424
1485,1745.0,2389.0,644.0,515.76,301.0,1,303.19,0.8008695652173913
1241,2015.0,2391.0,376.0,546.97,308.0,2,311.26,1.4547074468085106
410,410.0,2393.0,1983.0,940.31,1835.0,11,1905.89,0.4741855774079677
2385,2385.0,2401.0,16.0,374.45,0.0,0,3.03,23.403125
1116,1116.0,2401.0,1285.0,117.69,1236.0,5,1257.18,0.09158754863813229
917,1054.0,2412.0,1358.0,142.13,1188.0,5,1209.04,0.10466126656848306
1787,1787.0,2413.0,626.0,152.44,573.0,3,587.42,0.24351437699680512
1251,1251.0,2420.0,1169.0,143.89,1136.0,4,1156.23,0.12308810949529511
122,122.0,2423.0,2301.0,811.46,2150.0,10,2204.99,0.35265536723163843
1165,1167.0,2423.0,1256.0,831.84,1103.0,11,1160.71,0.6622929936305733
639,639.0,2424.0,1785.0,522.56,1602.0,9,1698.94,0.292750700280112
1227,1227.0,2427.0,1200.0,179.7,1152.0,5,1185.57,0.14975
837,837.0,2439.0,1602.0,292.22,1439.0,6,1468.14,0.18240948813982524
99,99.0,2443.0,2344.0,394.97,2246.0,10,2293.05,0.16850255972696246
1458,1793.0,2443.0,650.0,131.33,604.0,3,623.37,0.20204615384615388
300,300.0,2447.0,2147.0,504.33,1644.0,6,1672.93,0.23489986027014437
2428,2428.0,2453.0,25.0,448.94,0.0,0,3.9,17.9576
2116,2116.0,2453.0,337.0,613.63,301.0,1,308.69,1.8208605341246291
1760,1760.0,2456.0,696.0,427.84,540.0,2,550.16,0.6147126436781609
1389,1389.0,2457.0,1068.0,341.45,988.0,8,1042.62,0.31970973782771533
590,590.0,2464.0,1874.0,364.82,1661.0,7,1702.12,0.1946744930629669
1019,1019.0,2466.0,1447.0,274.8,1386.0,8,1426.83,0.1899101589495508
1167,1167.0,2466.0,1299.0,80.39,1252.0,6,1290.63,0.061886066204772903
392,392.0,2468.0,2076.0,920.86,1716.0,12,1783.86,0.4435741811175337
1369,1369.0,2470.0,1101.0,307.23,1048.0,5,1079.62,0.2790463215258856
611,1939.0,2479.0,540.0,341.01,301.0,1,301.0,0.6315
1621,1621.0,2480.0,859.0,487.53,633.0,4,656.49,0.5675552968568102
1759,2163.0,2495.0,332.0,37.03,301.0,1,303.39,0.11153614457831326
792,792.0,2501.0,1709.0,1285.1,1319.0,8,1376.45,0.7519602106495026
980,980.0,2505.0,1525.0,628.5,1436.0,7,1473.54,0.4121311475409836
1256,1256.0,2541.0,1285.0,443.68,1223.0,6,1268.19,0.3452762645914397
1262,1262.0,2543.0,1281.0,443.68,1215.0,6,1264.75,0.3463544106167057
380,380.0,2548.0,2168.0,846.7,1549.0,8,1602.01,0.3905442804428044
555,1387.0,2552.0,1165.0,319.64,898.0,3,910.08,0.27436909871244636
2546,2546.0,2573.0,27.0,368.45,0.0,0,8.25,13.646296296296295
1096,1096.0,2576.0,1480.0,628.79,1123.0,4,1140.57,0.4248581081081081
955,955.0,2589.0,1634.0,1107.89,1217.0,4,1234.79,0.6780232558139535
1816,1816.0,2600.0,784.0,569.04,587.0,2,594.66,0.7258163265306122
492,492.0,2606.0,2114.0,255.93,2046.0,8,2097.1,0.12106433301797541
2594,2594.0,2619.0,25.0,368.45,0.0,0,7.34,14.738
1757,1757.0,2620.0,863.0,242.2,764.0,4,791.15,0.280648899188876
2582,2582.0,2621.0,39.0,744.84,0.0,0,8.52,19.09846153846154
1910,2002.0,2622.0,620.0,386.04,301.0,1,303.17,0.6226451612903227
787,787.0,2631.0,1844.0,330.36,1634.0,7,1678.07,0.17915401301518438
515,515.0,2634.0,2119.0,246.87,2033.0,9,2072.44,0.11650306748466258
1066,1066.0,2644.0,1578.0,831.42,1146.0,4,1168.45,0.5268821292775665
235,235.0,2655.0,2420.0,941.24,2275.0,10,2334.97,0.38894214876033056
626,626.0,2662.0,2036.0,725.71,1354.0,5,1374.11,0.3564390962671906
1277,1339.0,2662.0,1323.0,902.32,917.0,4,929.57,0.6820256991685564
1708,1708.0,2671.0,963.0,367.87,866.0,4,887.04,0.3820041536863967
1747,1747.0,2673.0,926.0,669.0,555.0,4,577.71,0.7224622030237581
372,372.0,2679.0,2307.0,595.81,2186.0,10,2225.89,0.2582618118768964
1840,1840.0,2679.0,839.0,696.17,492.0,2,508.15,0.829761620977354
438,438.0,2682.0,2244.0,286.5,2086.0,7,2127.18,0.12767379679144386
2644,2644.0,2684.0,40.0,744.84,0.0,0,8.43,18.621000000000002
1000,1000.0,2687.0,1687.0,1410.0,1253.0,6,1293.49,0.8358032009484292
930,1995.0,2693.0,698.0,123.89,596.0,2,609.2,0.17749283667621776
1913,1913.0,2704.0,791.0,505.23,602.0,2,608.91,0.6387231352718079
900,997.0,2706.0,1709.0,553.49,1314.0,10,1356.23,0.323867758923347
1413,1413.0,2706.0,1293.0,375.98,1133.0,5,1159.94,0.2907811291569992
919,919.0,2712.0,1793.0,215.65,1618.0,6,1648.92,0.12027328499721138
415,415.0,2716.0,2301.0,745.86,2120.0,8,2164.61,0.3241460234680574
559,559.0,2727.0,2168.0,673.13,1807.0,11,1847.16,0.31048431734317344
1673,1673.0,2733.0,1060.0,299.21,987.0,6,1030.17,0.28227358490566035
960,1357.0,2744.0,1387.0,661.56,1190.0,5,1214.11,0.4769718817591925
632,632.0,2756.0,2124.0,742.13,1965.0,23,2053.28,0.3494020715630885
1426,1426.0,2756.0,1330.0,630.2,934.0,6,979.05,0.47383458646616544
1437,1507.0,2762.0,1255.0,77.92,1205.0,5,1220.26,0.06208764940239044
2234,2234.0,2765.0,531.0,436.75,493.0,3,509.79,0.8225047080979284
2516,2516.0,2767.0,251.0,678.09,215.0,1,225.88,2.701553784860558
511,511.0,2769.0,2258.0,740.78,1563.0,7,1596.6,0.32806908768821963
285,285.0,2771.0,2486.0,912.81,2027.0,15,2096.45,0.3671802091713596
674,822.0,2772.0,1950.0,693.01,1626.0,7,1667.97,0.35538974358974357
1311,1311.0,2772.0,1461.0,101.38,1394.0,5,1429.29,0.0693908281998631
1177,1177.0,2773.0,1596.0,192.23,1471.0,6,1501.32,0.12044486215538847
466,466.0,2774.0,2308.0,829.0,1854.0,7,1906.03,0.35918544194107455
844,844.0,2774.0,1930.0,1104.89,1376.0,5,1409.76,0.5724818652849741
2265,2265.0,2774.0,509.0,857.2,451.0,2,467.4,1.6840864440078587
654,654.0,2776.0,2122.0,830.88,1895.0,8,1946.76,0.391555136663525
1691,1729.0,2776.0,1047.0,352.85,978.0,6,1019.63,0.337010506208214
1047,1047.0,2777.0,1730.0,125.96,1684.0,8,1718.9,0.07280924855491329
1412,1412.0,2784.0,1372.0,811.55,1036.0,6,1075.08,0.5915087463556851
1823,1823.0,2784.0,961.0,250.19,874.0,5,898.01,0.26034339229968784
972,972.0,2786.0,1814.0,911.58,1640.0,7,1680.98,0.5025248070562294
1118,1118.0,2786.0,1668.0,364.33,1303.0,5,1321.62,0.21842326139088727
1743,1743.0,2787.0,1044.0,139.0,996.0,6,1032.82,0.1331417624521073
916,1635.0,2788.0,1153.0,512.29,722.0,5,750.18,0.4443104943625325
1683,1683.0,2788.0,1105.0,766.97,1019.0,6,1060.11,0.6940904977375566
895,895.0,2788.0,1893.0,379.06,1536.0,6,1561.65,0.20024300052826202
1182,1182.0,2793.0,1611.0,940.52,1195.0,4,1217.99,0.5838112973308504
477,477.0,2796.0,2319.0,690.77,1602.0,9,1643.66,0.2978740836567486
1199,1199.0,2803.0,1604.0,310.9,1389.0,5,1417.36,0.19382793017456357
1492,1495.0,2805.0,1310.0,834.08,910.0,3,922.92,0.6367022900763359
1307,1307.0,2807.0,1500.0,360.08,1269.0,8,1304.6,0.2400533333333333
1703,1703.0,2806.0,1103.0,882.18,580.0,2,598.62,0.7998005439709882
1663,1663.0,2809.0,1146.0,1712.53,1004.0,5,1062.86,1.4943542757417103
2118,2118.0,2810.0,692.0,127.89,598.0,3,608.22,0.1848121387283237
925,926.0,2813.0,1887.0,754.93,1778.0,9,1823.15,0.4000688924218336
1408,1408.0,2818.0,1410.0,436.55,1289.0,8,1344.65,0.3096099290780142
2224,2224.0,2825.0,601.0,168.65,530.0,2,543.53,0.2806156405990017
319,319.0,2826.0,2507.0,639.08,1904.0,8,1946.55,0.254918228958915
1069,2148.0,2844.0,696.0,503.68,301.0,1,303.96,0.7236781609195403
1645,1645.0,2853.0,1208.0,1274.75,1014.0,6,1091.44,1.0552566225165563
795,795.0,2856.0,2061.0,1043.41,1486.0,6,1532.89,0.5062639495390587
1321,1321.0,2867.0,1546.0,595.03,1175.0,9,1213.67,0.3848835705045278
731,731.0,2870.0,2139.0,600.67,1471.0,6,1503.93,0.28081813931743804
297,297.0,2880.0,2583.0,660.44,2475.0,10,2552.09,0.255687185443283
1309,1309.0,2881.0,1572.0,625.45,1470.0,7,1525.95,0.3978689567430026
1745,1745.0,2889.0,1144.0,838.45,1084.0,6,1111.68,0.7329108391608392
1727,1727.0,2895.0,1168.0,507.08,813.0,3,829.05,0.4341438356164383
572,572.0,2896.0,2324.0,297.22,2221.0,11,2274.14,0.12789156626506026
1186,1186.0,2902.0,1716.0,472.65,1525.0,8,1558.86,0.27543706293706294
2304,2304.0,2904.0,600.0,376.02,301.0,1,305.46,0.6266999999999999
226,226.0,2911.0,2685.0,631.94,2565.0,9,2617.93,0.23535940409683428
1161,1161.0,2910.0,1749.0,317.76,1561.0,7,1593.55,0.18168096054888508
615,615.0,2936.0,2321.0,978.31,1935.0,8,1982.6,0.42150366221456265
1130,1130.0,2943.0,1813.0,617.32,1671.0,6,1712.82,0.3404964147821291
1086,1086.0,2948.0,1862.0,545.95,1718.0,6,1745.31,0.2932062298603652
1569,1569.0,2952.0,1383.0,617.32,933.0,4,957.65,0.44636297903109184
1709,1709.0,2959.0,1250.0,965.77,1117.0,4,1145.17,0.772616
1958,2305.0,2960.0,655.0,775.82,301.0,1,304.92,1.1844580152671758
120,120.0,2962.0,2842.0,773.78,2707.0,11,2767.01,0.2722660098522167
1496,1948.0,2971.0,1023.0,505.69,978.0,5,997.72,0.4943206256109482
51,51.0,2980.0,2929.0,953.04,2668.0,13,2716.4,0.32538067599863435
637,637.0,2992.0,2355.0,773.84,2194.0,12,2301.37,0.3285944798301486
185,185.0,2999.0,2814.0,657.9,2318.0,8,2359.07,0.2337953091684435
1493,1695.0,3004.0,1309.0,235.93,1212.0,5,1234.4,0.18023682200152788
849,849.0,3005.0,2156.0,404.14,1839.0,8,1888.21,0.18744897959183673
1783,1783.0,3007.0,1224.0,615.63,1156.0,5,1173.73,0.5029656862745098
630,813.0,3011.0,2198.0,731.97,1468.0,5,1491.73,0.3330163785259327
1628,1628.0,3016.0,1388.0,660.96,1315.0,5,1354.24,0.47619596541786746
2572,2572.0,3018.0,446.0,681.44,301.0,1,303.89,1.5278923766816144
239,239.0,3019.0,2780.0,870.8,2224.0,9,2293.37,0.31323741007194245
1789,1789.0,3020.0,1231.0,529.44,1104.0,7,1148.46,0.43008935824532907
265,265.0,3026.0,2761.0,852.63,2602.0,19,2697.61,0.3088120246287577
963,963.0,3026.0,2063.0,401.58,1949.0,13,2037.23,0.19465826466311195
1433,1433.0,3028.0,1595.0,161.86,1497.0,6,1523.88,0.10147962382445141
740,740.0,3029.0,2289.0,660.59,1896.0,13,1983.66,0.28859327217125386
179,187.0,3033.0,2846.0,401.68,2739.0,10,2809.5,0.14113843991567113
3017,3017.0,3036.0,19.0,240.51,0.0,0,5.93,12.658421052631578
574,574.0,3041.0,2467.0,933.09,2103.0,13,2156.04,0.3782286177543575
358,358.0,3053.0,2695.0,746.4,2445.0,10,2517.28,0.2769573283858998
1802,1807.0,3059.0,1252.0,336.59,957.0,5,978.32,0.26884185303514374
1868,1868.0,3060.0,1192.0,336.59,878.0,5,897.99,0.28237416107382546
943,943.0,3061.0,2118.0,435.15,1758.0,6,1792.7,0.20545325779036827
2320,2440.0,3070.0,630.0,762.57,301.0,1,306.85,1.2104285714285714
1015,1174.0,3074.0,1900.0,135.08,1841.0,7,1875.37,0.07109473684210527
1964,1964.0,3074.0,1110.0,177.59,1069.0,5,1094.85,0.15999099099099098
644,1118.0,3079.0,1961.0,557.31,1466.0,5,1491.05,0.2841968383477817
927,927.0,3082.0,2155.0,560.32,2003.0,11,2061.36,0.26000928074245944
2466,2466.0,3084.0,618.0,126.47,591.0,2,607.89,0.20464401294498383
1226,1226.0,3088.0,1862.0,909.79,1455.0,5,1483.72,0.48860902255639094
1494,1494.0,3088.0,1594.0,249.91,1523.0,8,1572.29,0.15678168130489334
561,1987.0,3093.0,1106.0,469.4,895.0,3,914.53,0.42441229656419527
1246,1246.0,3095.0,1849.0,549.2,1474.0,7,1511.38,0.2970254191454841
1342,2463.0,3096.0,633.0,93.99,601.0,2,607.15,0.14848341232227488
1561,1561.0,3099.0,1538.0,164.49,1484.0,8,1524.0,0.10695058517555267
1834,1834.0,3105.0,1271.0,277.94,1105.0,7,1138.09,0.2186782061369001
3083,3083.0,3105.0,22.0,379.31,0.0,0,5.18,17.241363636363637
1396,1396.0,3108.0,1712.0,181.18,1655.0,9,1698.51,0.10582943925233645
1054,1054.0,3109.0,2055.0,883.48,1516.0,8,1569.51,0.42991727493917276
1291,3071.0,3112.0,41.0,516.94,0.0,0,4.14,12.60829268292683
1007,1007.0,3116.0,2109.0,948.35,1740.0,8,1773.02,0.44966808914177336
2384,2665.0,3115.0,450.0,135.2,303.0,3,319.61,0.3004444444444444
957,957.0,3118.0,2161.0,762.62,1876.0,8,1921.83,0.35290143452105505
1998,1998.0,3119.0,1121.0,282.58,1008.0,4,1023.29,0.25207850133809095
1212,1212.0,3120.0,1908.0,946.63,1470.0,6,1504.3,0.49613731656184484
2841,2986.0,3120.0,134.0,535.24,86.0,1,93.56,3.9943283582089553
1157,1157.0,3125.0,1968.0,854.35,1812.0,8,1877.99,0.4341209349593496
2338,2338.0,3126.0,788.0,267.13,724.0,3,746.51,0.338997461928934
1290,1644.0,3127.0,1483.0,179.01,1406.0,7,1440.21,0.120708024275118
2377,2377.0,3128.0,751.0,735.69,682.0,5,718.4,0.9796138482023968
1778,1778.0,3130.0,1352.0,199.73,1280.0,8,1333.74,0.1477292899408284
1121,1121.0,3131.0,2010.0,260.1,1888.0,8,1934.58,0.1294029850746269
1365,1622.0,3139.0,1517.0,601.45,1106.0,4,1120.53,0.39647330257086355
2131,2131.0,3139.0,1008.0,414.5,895.0,6,931.45,0.41121031746031744
2378,2378.0,3145.0,767.0,187.21,694.0,3,709.39,0.24408083441981748
835,835.0,3146.0,2311.0,1050.6,1732.0,7,1766.4,0.45460839463435737
918,918.0,3152.0,2234.0,712.48,1616.0,7,1654.21,0.3189256938227395
893,893.0,3152.0,2259.0,681.16,1621.0,6,1647.24,0.30153165117308545
597,597.0,3157.0,2560.0,1081.96,2293.0,15,2443.75,0.422640625
2218,2218.0,3157.0,939.0,503.16,794.0,3,822.14,0.5358466453674122
785,2259.0,3159.0,900.0,486.31,301.0,1,303.77,0.5403444444444444
1093,1093.0,3160.0,2067.0,700.87,1516.0,11,1573.19,0.33907595549104985
2064,2166.0,3165.0,999.0,570.34,601.0,2,605.56,0.570910910910911
1921,2419.0,3170.0,751.0,566.77,647.0,3,657.79,0.7546870838881491
2110,2110.0,3180.0,1070.0,1062.08,631.0,3,647.96,0.9925981308411215
718,718.0,3186.0,2468.0,378.56,2240.0,10,2301.22,0.15338735818476498
1535,1535.0,3199.0,1664.0,163.7,1615.0,7,1650.02,0.09837740384615384
233,233.0,3201.0,2968.0,388.27,2832.0,12,2913.62,0.13081873315363882
1692,1692.0,3203.0,1511.0,403.76,1416.0,7,1457.22,0.2672137657180675
533,533.0,3210.0,2677.0,162.36,2601.0,9,2664.68,0.0606499813223758
1550,1550.0,3214.0,1664.0,914.88,1259.0,11,1296.61,0.5498076923076923
2108,2781.0,3237.0,456.0,246.39,312.0,2,316.62,0.5403289473684211
1211,1211.0,3238.0,2027.0,559.84,1636.0,6,1669.66,0.27619141588554513
290,290.0,3241.0,2951.0,256.02,2808.0,10,2867.82,0.08675703151474076
3230,3230.0,3244.0,14.0,217.35,0.0,0,6.94,15.525
719,719.0,3252.0,2533.0,143.14,2433.0,10,2493.08,0.056510067114093954
673,673.0,3256.0,2583.0,702.97,1891.0,7,1934.63,0.2721525358110724
418,418.0,3275.0,2857.0,413.44,2734.0,17,2821.01,0.1447112355617781
223,223.0,3279.0,3056.0,1547.42,2855.0,15,2988.9,0.5063547120418849
1315,1315.0,3297.0,1982.0,256.22,1869.0,8,1923.42,0.12927346115035318
1713,1713.0,3306.0,1593.0,516.71,1403.0,6,1435.0,0.3243628374136849
359,359.0,3312.0,2953.0,624.87,2796.0,13,2865.96,0.21160514730782257
897,897.0,3317.0,2420.0,576.0,2009.0,10,2087.2,0.23801652892561984
2499,2499.0,3318.0,819.0,1089.18,685.0,3,702.35,1.32989010989011
2455,2561.0,3323.0,762.0,528.94,642.0,4,650.98,0.6941469816272967
2522,2522.0,3330.0,808.0,701.57,759.0,4,778.48,0.8682797029702971
1202,1202.0,3333.0,2131.0,613.1,1742.0,7,1782.05,0.2877053026748006
1296,1296.0,3344.0,2048.0,222.42,1945.0,8,1993.4,0.108603515625
2164,2164.0,3346.0,1182.0,1185.35,883.0,2,890.07,1.002834179357022
2049,2049.0,3353.0,1304.0,990.08,1212.0,6,1238.23,0.7592638036809817
1150,1150.0,3358.0,2208.0,1332.68,1736.0,8,1781.54,0.6035688405797102
2172,2172.0,3358.0,1186.0,1147.99,839.0,3,858.22,0.9679510961214165
1137,1137.0,3359.0,2222.0,360.73,1884.0,8,1928.51,0.16234473447344736
444,444.0,3370.0,2926.0,831.63,2382.0,9,2435.92,0.2842207792207792
3348,3348.0,3372.0,24.0,379.31,0.0,0,4.49,15.804583333333333
1014,1014.0,3374.0,2360.0,820.07,1550.0,7,1590.32,0.34748728813559326
1597,1597.0,3373.0,1776.0,567.37,1386.0,13,1436.57,0.3194650900900901
2896,2896.0,3374.0,478.0,911.06,386.0,5,412.14,1.9059832635983263
954,955.0,3388.0,2433.0,658.94,2265.0,10,2327.44,0.27083436087135226
988,1508.0,3392.0,1884.0,542.07,1378.0,7,1399.89,0.28772292993630577
946,2154.0,3395.0,1241.0,79.19,1208.0,6,1235.04,0.06381144238517325
2256,2256.0,3402.0,1146.0,297.05,1062.0,5,1098.06,0.2592059336823735
2364,2364.0,3404.0,1040.0,328.59,978.0,4,1002.14,0.31595192307692305
2772,2772.0,3407.0,635.0,803.36,569.0,3,588.06,1.2651338582677165
1001,1001.0,3409.0,2408.0,618.93,2301.0,7,2346.91,0.25703073089700995
2523,2523.0,3415.0,892.0,505.23,542.0,3,559.39,0.5664013452914799
1456,1456.0,3417.0,1961.0,307.08,1869.0,8,1911.12,0.15659357470678226
1836,1836.0,3420.0,1584.0,290.37,1514.0,8,1555.84,0.18331439393939394
1905,1905.0,3422.0,1517.0,376.87,1422.0,8,1484.87,0.24843111404087015
1562,1656.0,3424.0,1768.0,609.93,1355.0,16,1410.23,0.34498303167420813
578,578.0,3426.0,2848.0,874.97,2260.0,11,2328.83,0.30722261235955056
1314,2420.0,3433.0,1013.0,225.82,881.0,7,920.3,0.22292201382033563
1294,2114.0,3435.0,1321.0,216.19,1195.0,4,1213.38,0.1636563209689629
2330,2330.0,3437.0,1107.0,700.03,553.0,2,563.49,0.6323667570009033
529,529.0,3441.0,2912.0,557.29,2592.0,9,2637.96,0.19137706043956043
394,394.0,3456.0,3062.0,715.13,2695.0,13,2767.76,0.2335499673416068
2640,2640.0,3465.0,825.0,996.42,389.0,2,396.89,1.207781818181818
1699,1699.0,3470.0,1771.0,179.43,1653.0,9,1696.95,0.10131564088085827
1419,1419.0,3481.0,2062.0,666.77,1553.0,13,1612.52,0.32336081474296796
2714,2714.0,3481.0,767.0,499.33,301.0,1,304.49,0.6510169491525424
616,616.0,3486.0,2870.0,252.13,2771.0,12,2823.43,0.08785017421602788
1129,2118.0,3492.0,1374.0,386.24,1080.0,5,1093.49,0.28110625909752546
2473,2473.0,3512.0,1039.0,307.41,972.0,5,1002.06,0.29587102983638114
2731,3185.0,3515.0,330.0,148.88,301.0,1,307.13,0.45115151515151514
1741,1741.0,3516.0,1775.0,350.59,1457.0,5,1483.07,0.19751549295774645
280,280.0,3525.0,3245.0,327.01,3139.0,12,3190.64,0.10077349768875192
820,820.0,3531.0,2711.0,747.42,2009.0,8,2050.95,0.27569900405754333
301,301.0,3541.0,3240.0,334.44,3091.0,11,3156.35,0.10322222222222222
1038,1386.0,3545.0,2159.0,1032.76,1460.0,5,1480.31,0.4783510884668828
2348,2348.0,3547.0,1199.0,797.91,421.0,2,430.98,0.6654795663052544
2539,2774.0,3557.0,783.0,748.07,617.0,4,633.72,0.955389527458493
1169,2002.0,3569.0,1567.0,647.43,896.0,3,907.05,0.4131652839821314
1368,1368.0,3572.0,2204.0,767.88,1836.0,7,1891.81,0.3484029038112523
170,172.0,3583.0,3411.0,723.38,2642.0,12,2676.61,0.21207270595133393
458,458.0,3586.0,3128.0,427.72,2968.0,17,3082.58,0.1367391304347826
1071,1071.0,3586.0,2515.0,1103.48,2081.0,6,2117.82,0.43875944333996025
1553,1553.0,3593.0,2040.0,912.12,1602.0,13,1644.15,0.4471176470588235
763,763.0,3595.0,2832.0,1014.17,2133.0,8,2174.79,0.3581108757062147
